seq,name,n,cpu_ms,gpu_ms,kind
0,W_L#0,88899,51.000,293.000,cpu-wins
1,W_R#1,88899,29.000,25.000,gpu-wins
2,W_O#2,88899,34.000,26.000,gpu-wins
3,ECC_OP_WIRE_1#3,1,0.000,18.000,cpu-wins
4,ECC_OP_WIRE_2#4,1,0.000,9.000,cpu-wins
5,ECC_OP_WIRE_3#5,1,0.000,9.000,cpu-wins
6,ECC_OP_WIRE_4#6,1,0.000,10.000,cpu-wins
7,KERNEL_CALLDATA#7,4,0.000,15.000,cpu-wins
8,KERNEL_CALLDATA_READ_COUNTS#8,4,0.000,9.000,cpu-wins
9,FIRST_APP_CALLDATA#9,4,0.000,10.000,cpu-wins
10,FIRST_APP_CALLDATA_READ_COUNTS#10,4,1.000,10.000,cpu-wins
11,SECOND_APP_CALLDATA#11,4,0.000,9.000,cpu-wins
12,SECOND_APP_CALLDATA_READ_COUNTS#12,4,0.000,10.000,cpu-wins
13,THIRD_APP_CALLDATA#13,4,0.000,9.000,cpu-wins
14,THIRD_APP_CALLDATA_READ_COUNTS#14,4,0.000,9.000,cpu-wins
15,RETURN_DATA#15,874,2.000,140.000,cpu-wins
16,RETURN_DATA_READ_COUNTS#16,874,0.000,8.000,cpu-wins
17,LOOKUP_READ_COUNTS#17,36863,1.000,144.000,cpu-wins
18,LOOKUP_READ_TAGS#18,36863,1.000,20.000,cpu-wins
19,W_4#19,88899,44.000,59.000,cpu-wins
20,LOOKUP_INVERSES#20,36863,16.000,26.000,cpu-wins
21,KERNEL_CALLDATA_INVERSES#21,871,1.000,12.000,cpu-wins
22,FIRST_APP_CALLDATA_INVERSES#22,871,0.000,8.000,cpu-wins
23,SECOND_APP_CALLDATA_INVERSES#23,871,0.000,7.000,cpu-wins
24,THIRD_APP_CALLDATA_INVERSES#24,871,0.000,6.000,cpu-wins
25,RETURN_DATA_INVERSES#25,874,6.000,14.000,cpu-wins
26,Z_PERM#26,88899,87.000,57.000,gpu-wins
27,?#27,62,1.000,0.000,gpu-missing
28,?#28,5,0.000,0.000,gpu-missing
29,W_L#29,33050,22.000,27.000,cpu-wins
30,W_R#30,33050,23.000,15.000,gpu-wins
31,W_O#31,33050,22.000,16.000,gpu-wins
32,ECC_OP_WIRE_1#32,141,1.000,81.000,cpu-wins
33,ECC_OP_WIRE_2#33,141,1.000,11.000,cpu-wins
34,ECC_OP_WIRE_3#34,141,2.000,11.000,cpu-wins
35,ECC_OP_WIRE_4#35,141,1.000,7.000,cpu-wins
36,KERNEL_CALLDATA#36,4,0.000,10.000,cpu-wins
37,KERNEL_CALLDATA_READ_COUNTS#37,4,0.000,9.000,cpu-wins
38,FIRST_APP_CALLDATA#38,874,1.000,12.000,cpu-wins
39,FIRST_APP_CALLDATA_READ_COUNTS#39,874,0.000,6.000,cpu-wins
40,SECOND_APP_CALLDATA#40,4,0.000,9.000,cpu-wins
41,SECOND_APP_CALLDATA_READ_COUNTS#41,4,1.000,11.000,cpu-wins
42,THIRD_APP_CALLDATA#42,4,0.000,11.000,cpu-wins
43,THIRD_APP_CALLDATA_READ_COUNTS#43,4,0.000,12.000,cpu-wins
44,RETURN_DATA#44,2888,1.000,14.000,cpu-wins
45,RETURN_DATA_READ_COUNTS#45,2888,1.000,13.000,cpu-wins
46,LOOKUP_READ_COUNTS#46,3089,1.000,13.000,cpu-wins
47,LOOKUP_READ_TAGS#47,3089,0.000,7.000,cpu-wins
48,W_4#48,33050,24.000,28.000,cpu-wins
49,LOOKUP_INVERSES#49,3089,1.000,9.000,cpu-wins
50,KERNEL_CALLDATA_INVERSES#50,3089,0.000,8.000,cpu-wins
51,FIRST_APP_CALLDATA_INVERSES#51,3089,1.000,13.000,cpu-wins
52,SECOND_APP_CALLDATA_INVERSES#52,3089,0.000,11.000,cpu-wins
53,THIRD_APP_CALLDATA_INVERSES#53,3089,0.000,9.000,cpu-wins
54,RETURN_DATA_INVERSES#54,3089,13.000,31.000,cpu-wins
55,Z_PERM#55,33050,46.000,45.000,gpu-wins
56,?#56,62,1.000,0.000,gpu-missing
57,?#57,5,0.000,0.000,gpu-missing
58,W_L#58,5490,2.000,23.000,cpu-wins
59,W_R#59,5490,2.000,20.000,cpu-wins
60,W_O#60,5490,2.000,12.000,cpu-wins
61,ECC_OP_WIRE_1#61,1,0.000,21.000,cpu-wins
62,ECC_OP_WIRE_2#62,1,0.000,19.000,cpu-wins
63,ECC_OP_WIRE_3#63,1,0.000,26.000,cpu-wins
64,ECC_OP_WIRE_4#64,1,0.000,21.000,cpu-wins
65,KERNEL_CALLDATA#65,4,0.000,22.000,cpu-wins
66,KERNEL_CALLDATA_READ_COUNTS#66,4,0.000,21.000,cpu-wins
67,FIRST_APP_CALLDATA#67,4,0.000,21.000,cpu-wins
68,FIRST_APP_CALLDATA_READ_COUNTS#68,4,0.000,21.000,cpu-wins
69,SECOND_APP_CALLDATA#69,4,0.000,21.000,cpu-wins
70,SECOND_APP_CALLDATA_READ_COUNTS#70,4,0.000,18.000,cpu-wins
71,THIRD_APP_CALLDATA#71,4,0.000,18.000,cpu-wins
72,THIRD_APP_CALLDATA_READ_COUNTS#72,4,0.000,18.000,cpu-wins
73,RETURN_DATA#73,874,1.000,8.000,cpu-wins
74,RETURN_DATA_READ_COUNTS#74,874,1.000,13.000,cpu-wins
75,LOOKUP_READ_COUNTS#75,871,0.000,13.000,cpu-wins
76,LOOKUP_READ_TAGS#76,871,1.000,7.000,cpu-wins
77,W_4#77,5490,1.000,15.000,cpu-wins
78,LOOKUP_INVERSES#78,871,0.000,9.000,cpu-wins
79,KERNEL_CALLDATA_INVERSES#79,871,0.000,7.000,cpu-wins
80,FIRST_APP_CALLDATA_INVERSES#80,871,1.000,7.000,cpu-wins
81,SECOND_APP_CALLDATA_INVERSES#81,871,0.000,7.000,cpu-wins
82,THIRD_APP_CALLDATA_INVERSES#82,871,0.000,7.000,cpu-wins
83,RETURN_DATA_INVERSES#83,874,7.000,15.000,cpu-wins
84,Z_PERM#84,5490,18.000,20.000,cpu-wins
85,?#85,62,1.000,0.000,gpu-missing
86,?#86,5,0.000,0.000,gpu-missing
87,W_L#87,71364,36.000,50.000,cpu-wins
88,W_R#88,71364,38.000,29.000,gpu-wins
89,W_O#89,71364,41.000,30.000,gpu-wins
90,ECC_OP_WIRE_1#90,299,2.000,13.000,cpu-wins
91,ECC_OP_WIRE_2#91,299,3.000,10.000,cpu-wins
92,ECC_OP_WIRE_3#92,299,2.000,7.000,cpu-wins
93,ECC_OP_WIRE_4#93,299,1.000,9.000,cpu-wins
94,KERNEL_CALLDATA#94,2888,1.000,12.000,cpu-wins
95,KERNEL_CALLDATA_READ_COUNTS#95,2888,1.000,8.000,cpu-wins
96,FIRST_APP_CALLDATA#96,874,0.000,7.000,cpu-wins
97,FIRST_APP_CALLDATA_READ_COUNTS#97,874,0.000,6.000,cpu-wins
98,SECOND_APP_CALLDATA#98,4,0.000,11.000,cpu-wins
99,SECOND_APP_CALLDATA_READ_COUNTS#99,4,0.000,12.000,cpu-wins
100,THIRD_APP_CALLDATA#100,4,0.000,12.000,cpu-wins
101,THIRD_APP_CALLDATA_READ_COUNTS#101,4,0.000,12.000,cpu-wins
102,RETURN_DATA#102,2888,1.000,7.000,cpu-wins
103,RETURN_DATA_READ_COUNTS#103,2888,1.000,11.000,cpu-wins
104,LOOKUP_READ_COUNTS#104,3192,0.000,10.000,cpu-wins
105,LOOKUP_READ_TAGS#105,3192,0.000,6.000,cpu-wins
106,W_4#106,71364,39.000,29.000,gpu-wins
107,LOOKUP_INVERSES#107,3192,0.000,6.000,cpu-wins
108,KERNEL_CALLDATA_INVERSES#108,3192,1.000,6.000,cpu-wins
109,FIRST_APP_CALLDATA_INVERSES#109,3192,0.000,6.000,cpu-wins
110,SECOND_APP_CALLDATA_INVERSES#110,3192,0.000,6.000,cpu-wins
111,THIRD_APP_CALLDATA_INVERSES#111,3192,0.000,6.000,cpu-wins
112,RETURN_DATA_INVERSES#112,3192,13.000,13.000,cpu-wins
113,Z_PERM#113,71364,76.000,36.000,gpu-wins
114,?#114,62,1.000,0.000,gpu-missing
115,?#115,5,0.000,0.000,gpu-missing
116,W_L#116,20406,13.000,31.000,cpu-wins
117,W_R#117,20406,16.000,14.000,gpu-wins
118,W_O#118,20406,15.000,14.000,gpu-wins
119,ECC_OP_WIRE_1#119,1,0.000,14.000,cpu-wins
120,ECC_OP_WIRE_2#120,1,0.000,13.000,cpu-wins
121,ECC_OP_WIRE_3#121,1,0.000,10.000,cpu-wins
122,ECC_OP_WIRE_4#122,1,1.000,11.000,cpu-wins
123,KERNEL_CALLDATA#123,4,0.000,11.000,cpu-wins
124,KERNEL_CALLDATA_READ_COUNTS#124,4,0.000,12.000,cpu-wins
125,FIRST_APP_CALLDATA#125,4,0.000,12.000,cpu-wins
126,FIRST_APP_CALLDATA_READ_COUNTS#126,4,0.000,13.000,cpu-wins
127,SECOND_APP_CALLDATA#127,4,0.000,13.000,cpu-wins
128,SECOND_APP_CALLDATA_READ_COUNTS#128,4,0.000,13.000,cpu-wins
129,THIRD_APP_CALLDATA#129,4,0.000,13.000,cpu-wins
130,THIRD_APP_CALLDATA_READ_COUNTS#130,4,0.000,13.000,cpu-wins
131,RETURN_DATA#131,874,2.000,8.000,cpu-wins
132,RETURN_DATA_READ_COUNTS#132,874,0.000,9.000,cpu-wins
133,LOOKUP_READ_COUNTS#133,871,0.000,10.000,cpu-wins
134,LOOKUP_READ_TAGS#134,871,1.000,7.000,cpu-wins
135,W_4#135,20406,17.000,18.000,cpu-wins
136,LOOKUP_INVERSES#136,871,0.000,7.000,cpu-wins
137,KERNEL_CALLDATA_INVERSES#137,871,0.000,7.000,cpu-wins
138,FIRST_APP_CALLDATA_INVERSES#138,871,1.000,6.000,cpu-wins
139,SECOND_APP_CALLDATA_INVERSES#139,871,0.000,9.000,cpu-wins
140,THIRD_APP_CALLDATA_INVERSES#140,871,0.000,7.000,cpu-wins
141,RETURN_DATA_INVERSES#141,874,5.000,13.000,cpu-wins
142,Z_PERM#142,20406,31.000,26.000,gpu-wins
143,?#143,62,1.000,0.000,gpu-missing
144,?#144,5,0.000,0.000,gpu-missing
145,W_L#145,71364,38.000,42.000,cpu-wins
146,W_R#146,71364,40.000,24.000,gpu-wins
147,W_O#147,71364,34.000,23.000,gpu-wins
148,ECC_OP_WIRE_1#148,299,2.000,11.000,cpu-wins
149,ECC_OP_WIRE_2#149,299,1.000,7.000,cpu-wins
150,ECC_OP_WIRE_3#150,299,1.000,7.000,cpu-wins
151,ECC_OP_WIRE_4#151,299,2.000,7.000,cpu-wins
152,KERNEL_CALLDATA#152,2888,1.000,11.000,cpu-wins
153,KERNEL_CALLDATA_READ_COUNTS#153,2888,1.000,5.000,cpu-wins
154,FIRST_APP_CALLDATA#154,874,2.000,6.000,cpu-wins
155,FIRST_APP_CALLDATA_READ_COUNTS#155,874,0.000,5.000,cpu-wins
156,SECOND_APP_CALLDATA#156,4,0.000,9.000,cpu-wins
157,SECOND_APP_CALLDATA_READ_COUNTS#157,4,0.000,9.000,cpu-wins
158,THIRD_APP_CALLDATA#158,4,0.000,9.000,cpu-wins
159,THIRD_APP_CALLDATA_READ_COUNTS#159,4,0.000,9.000,cpu-wins
160,RETURN_DATA#160,2888,2.000,6.000,cpu-wins
161,RETURN_DATA_READ_COUNTS#161,2888,1.000,7.000,cpu-wins
162,LOOKUP_READ_COUNTS#162,3192,1.000,11.000,cpu-wins
163,LOOKUP_READ_TAGS#163,3192,0.000,4.000,cpu-wins
164,W_4#164,71364,39.000,23.000,gpu-wins
165,LOOKUP_INVERSES#165,3192,0.000,5.000,cpu-wins
166,KERNEL_CALLDATA_INVERSES#166,3192,1.000,6.000,cpu-wins
167,FIRST_APP_CALLDATA_INVERSES#167,3192,0.000,5.000,cpu-wins
168,SECOND_APP_CALLDATA_INVERSES#168,3192,0.000,4.000,cpu-wins
169,THIRD_APP_CALLDATA_INVERSES#169,3192,1.000,5.000,cpu-wins
170,RETURN_DATA_INVERSES#170,3192,13.000,11.000,gpu-wins
171,Z_PERM#171,71364,73.000,30.000,gpu-wins
172,?#172,62,1.000,0.000,gpu-missing
173,?#173,5,1.000,0.000,gpu-missing
174,W_L#174,38778,17.000,29.000,cpu-wins
175,W_R#175,38778,20.000,15.000,gpu-wins
176,W_O#176,38778,21.000,17.000,gpu-wins
177,ECC_OP_WIRE_1#177,1,0.000,15.000,cpu-wins
178,ECC_OP_WIRE_2#178,1,0.000,12.000,cpu-wins
179,ECC_OP_WIRE_3#179,1,0.000,14.000,cpu-wins
180,ECC_OP_WIRE_4#180,1,0.000,14.000,cpu-wins
181,KERNEL_CALLDATA#181,4,0.000,15.000,cpu-wins
182,KERNEL_CALLDATA_READ_COUNTS#182,4,0.000,15.000,cpu-wins
183,FIRST_APP_CALLDATA#183,4,0.000,18.000,cpu-wins
184,FIRST_APP_CALLDATA_READ_COUNTS#184,4,0.000,20.000,cpu-wins
185,SECOND_APP_CALLDATA#185,4,0.000,22.000,cpu-wins
186,SECOND_APP_CALLDATA_READ_COUNTS#186,4,0.000,23.000,cpu-wins
187,THIRD_APP_CALLDATA#187,4,1.000,21.000,cpu-wins
188,THIRD_APP_CALLDATA_READ_COUNTS#188,4,0.000,22.000,cpu-wins
189,RETURN_DATA#189,874,1.000,13.000,cpu-wins
190,RETURN_DATA_READ_COUNTS#190,874,0.000,16.000,cpu-wins
191,LOOKUP_READ_COUNTS#191,871,0.000,15.000,cpu-wins
192,LOOKUP_READ_TAGS#192,871,0.000,9.000,cpu-wins
193,W_4#193,38778,23.000,40.000,cpu-wins
194,LOOKUP_INVERSES#194,871,0.000,6.000,cpu-wins
195,KERNEL_CALLDATA_INVERSES#195,871,0.000,5.000,cpu-wins
196,FIRST_APP_CALLDATA_INVERSES#196,871,1.000,5.000,cpu-wins
197,SECOND_APP_CALLDATA_INVERSES#197,871,0.000,6.000,cpu-wins
198,THIRD_APP_CALLDATA_INVERSES#198,871,0.000,5.000,cpu-wins
199,RETURN_DATA_INVERSES#199,874,6.000,11.000,cpu-wins
200,Z_PERM#200,38778,48.000,30.000,gpu-wins
201,?#201,62,1.000,0.000,gpu-missing
202,?#202,5,0.000,0.000,gpu-missing
203,W_L#203,71364,38.000,39.000,cpu-wins
204,W_R#204,71364,36.000,24.000,gpu-wins
205,W_O#205,71364,36.000,24.000,gpu-wins
206,ECC_OP_WIRE_1#206,299,2.000,12.000,cpu-wins
207,ECC_OP_WIRE_2#207,299,1.000,8.000,cpu-wins
208,ECC_OP_WIRE_3#208,299,2.000,8.000,cpu-wins
209,ECC_OP_WIRE_4#209,299,2.000,7.000,cpu-wins
210,KERNEL_CALLDATA#210,2888,2.000,13.000,cpu-wins
211,KERNEL_CALLDATA_READ_COUNTS#211,2888,0.000,8.000,cpu-wins
212,FIRST_APP_CALLDATA#212,874,1.000,7.000,cpu-wins
213,FIRST_APP_CALLDATA_READ_COUNTS#213,874,0.000,7.000,cpu-wins
214,SECOND_APP_CALLDATA#214,4,0.000,16.000,cpu-wins
215,SECOND_APP_CALLDATA_READ_COUNTS#215,4,0.000,14.000,cpu-wins
216,THIRD_APP_CALLDATA#216,4,0.000,14.000,cpu-wins
217,THIRD_APP_CALLDATA_READ_COUNTS#217,4,0.000,14.000,cpu-wins
218,RETURN_DATA#218,2888,2.000,12.000,cpu-wins
219,RETURN_DATA_READ_COUNTS#219,2888,1.000,11.000,cpu-wins
220,LOOKUP_READ_COUNTS#220,3192,0.000,12.000,cpu-wins
221,LOOKUP_READ_TAGS#221,3192,1.000,7.000,cpu-wins
222,W_4#222,71364,35.000,33.000,gpu-wins
223,LOOKUP_INVERSES#223,3192,0.000,7.000,cpu-wins
224,KERNEL_CALLDATA_INVERSES#224,3192,1.000,7.000,cpu-wins
225,FIRST_APP_CALLDATA_INVERSES#225,3192,0.000,6.000,cpu-wins
226,SECOND_APP_CALLDATA_INVERSES#226,3192,0.000,5.000,cpu-wins
227,THIRD_APP_CALLDATA_INVERSES#227,3192,0.000,7.000,cpu-wins
228,RETURN_DATA_INVERSES#228,3192,13.000,14.000,cpu-wins
229,Z_PERM#229,71364,76.000,41.000,gpu-wins
230,?#230,62,0.000,0.000,gpu-missing
231,?#231,5,1.000,0.000,gpu-missing
232,W_L#232,87312,38.000,43.000,cpu-wins
233,W_R#233,87312,38.000,27.000,gpu-wins
234,W_O#234,87312,40.000,26.000,gpu-wins
235,ECC_OP_WIRE_1#235,145,1.000,12.000,cpu-wins
236,ECC_OP_WIRE_2#236,145,1.000,9.000,cpu-wins
237,ECC_OP_WIRE_3#237,145,2.000,11.000,cpu-wins
238,ECC_OP_WIRE_4#238,145,1.000,10.000,cpu-wins
239,KERNEL_CALLDATA#239,2888,1.000,10.000,cpu-wins
240,KERNEL_CALLDATA_READ_COUNTS#240,2888,1.000,11.000,cpu-wins
241,FIRST_APP_CALLDATA#241,4,0.000,19.000,cpu-wins
242,FIRST_APP_CALLDATA_READ_COUNTS#242,4,0.000,20.000,cpu-wins
243,SECOND_APP_CALLDATA#243,4,0.000,20.000,cpu-wins
244,SECOND_APP_CALLDATA_READ_COUNTS#244,4,0.000,19.000,cpu-wins
245,THIRD_APP_CALLDATA#245,4,0.000,19.000,cpu-wins
246,THIRD_APP_CALLDATA_READ_COUNTS#246,4,0.000,22.000,cpu-wins
247,RETURN_DATA#247,2888,2.000,11.000,cpu-wins
248,RETURN_DATA_READ_COUNTS#248,2888,0.000,18.000,cpu-wins
249,LOOKUP_READ_COUNTS#249,3581,0.000,16.000,cpu-wins
250,LOOKUP_READ_TAGS#250,3581,0.000,8.000,cpu-wins
251,W_4#251,87312,47.000,53.000,cpu-wins
252,LOOKUP_INVERSES#252,3581,0.000,7.000,cpu-wins
253,KERNEL_CALLDATA_INVERSES#253,3581,3.000,14.000,cpu-wins
254,FIRST_APP_CALLDATA_INVERSES#254,3581,0.000,8.000,cpu-wins
255,SECOND_APP_CALLDATA_INVERSES#255,3581,1.000,7.000,cpu-wins
256,THIRD_APP_CALLDATA_INVERSES#256,3581,0.000,6.000,cpu-wins
257,RETURN_DATA_INVERSES#257,3581,13.000,21.000,cpu-wins
258,Z_PERM#258,87312,84.000,53.000,gpu-wins
259,?#259,62,1.000,0.000,gpu-missing
260,?#260,5,1.000,0.000,gpu-missing
261,W_L#261,30240,23.000,26.000,cpu-wins
262,W_R#262,30240,22.000,22.000,cpu-wins
263,W_O#263,30240,22.000,15.000,gpu-wins
264,ECC_OP_WIRE_1#264,145,1.000,6.000,cpu-wins
265,ECC_OP_WIRE_2#265,145,2.000,8.000,cpu-wins
266,ECC_OP_WIRE_3#266,145,1.000,8.000,cpu-wins
267,ECC_OP_WIRE_4#267,145,1.000,8.000,cpu-wins
268,KERNEL_CALLDATA#268,2888,1.000,7.000,cpu-wins
269,KERNEL_CALLDATA_READ_COUNTS#269,2888,0.000,6.000,cpu-wins
270,FIRST_APP_CALLDATA#270,4,1.000,11.000,cpu-wins
271,FIRST_APP_CALLDATA_READ_COUNTS#271,4,0.000,14.000,cpu-wins
272,SECOND_APP_CALLDATA#272,4,0.000,14.000,cpu-wins
273,SECOND_APP_CALLDATA_READ_COUNTS#273,4,0.000,15.000,cpu-wins
274,THIRD_APP_CALLDATA#274,4,0.000,14.000,cpu-wins
275,THIRD_APP_CALLDATA_READ_COUNTS#275,4,0.000,15.000,cpu-wins
276,RETURN_DATA#276,1285,2.000,14.000,cpu-wins
277,RETURN_DATA_READ_COUNTS#277,1285,0.000,11.000,cpu-wins
278,LOOKUP_READ_COUNTS#278,1557,0.000,12.000,cpu-wins
279,LOOKUP_READ_TAGS#279,1557,0.000,7.000,cpu-wins
280,W_4#280,30240,20.000,25.000,cpu-wins
281,LOOKUP_INVERSES#281,1557,0.000,7.000,cpu-wins
282,KERNEL_CALLDATA_INVERSES#282,2888,2.000,12.000,cpu-wins
283,FIRST_APP_CALLDATA_INVERSES#283,1557,0.000,8.000,cpu-wins
284,SECOND_APP_CALLDATA_INVERSES#284,1557,0.000,8.000,cpu-wins
285,THIRD_APP_CALLDATA_INVERSES#285,1557,0.000,9.000,cpu-wins
286,RETURN_DATA_INVERSES#286,1557,7.000,22.000,cpu-wins
287,Z_PERM#287,30240,38.000,47.000,cpu-wins
288,?#288,62,0.000,0.000,gpu-missing
289,?#289,5,1.000,0.000,gpu-missing
290,Gemini:FOLD_1#290,65536,51.000,53.000,cpu-wins
291,Gemini:FOLD_2#291,32768,29.000,21.000,gpu-wins
292,Gemini:FOLD_3#292,16384,19.000,19.000,cpu-wins
293,Gemini:FOLD_4#293,8192,18.000,16.000,gpu-wins
294,Gemini:FOLD_5#294,4096,13.000,16.000,cpu-wins
295,Gemini:FOLD_6#295,2048,6.000,14.000,cpu-wins
296,Gemini:FOLD_7#296,1024,5.000,13.000,cpu-wins
297,Gemini:FOLD_8#297,512,3.000,81.000,cpu-wins
298,Gemini:FOLD_9#298,256,2.000,12.000,cpu-wins
299,Gemini:FOLD_10#299,128,1.000,13.000,cpu-wins
300,Gemini:FOLD_11#300,64,1.000,16.000,cpu-wins
301,Gemini:FOLD_12#301,32,0.000,15.000,cpu-wins
302,Gemini:FOLD_13#302,16,1.000,15.000,cpu-wins
303,Gemini:FOLD_14#303,8,1.000,16.000,cpu-wins
304,Gemini:FOLD_15#304,4,0.000,16.000,cpu-wins
305,Gemini:FOLD_16#305,2,0.000,15.000,cpu-wins
306,Gemini:FOLD_17#306,1,1.000,15.000,cpu-wins
307,Gemini:FOLD_18#307,1,0.000,12.000,cpu-wins
308,Gemini:FOLD_19#308,1,0.000,11.000,cpu-wins
309,Gemini:FOLD_20#309,1,0.000,12.000,cpu-wins
310,Gemini:FOLD_21#310,1,0.000,12.000,cpu-wins
311,Gemini:FOLD_22#311,1,0.000,11.000,cpu-wins
312,Gemini:FOLD_23#312,1,0.000,11.000,cpu-wins
313,SHPLONK_BATCHED_QUOTIENT#313,88900,89.000,62.000,gpu-wins
314,?#314,88900,89.000,50.000,gpu-wins
315,COLUMN_0_0#315,0,0.000,0.000,cpu-wins
316,COLUMN_1_0#316,0,0.000,0.000,cpu-wins
317,COLUMN_2_0#317,0,0.000,0.000,cpu-wins
318,COLUMN_3_0#318,0,0.000,0.000,cpu-wins
319,COLUMN_0_1#319,140,1.000,11.000,cpu-wins
320,COLUMN_1_1#320,140,1.000,9.000,cpu-wins
321,COLUMN_2_1#321,140,2.000,8.000,cpu-wins
322,COLUMN_3_1#322,140,0.000,8.000,cpu-wins
323,COLUMN_0_2#323,0,0.000,0.000,cpu-wins
324,COLUMN_1_2#324,0,0.000,0.000,cpu-wins
325,COLUMN_2_2#325,0,0.000,0.000,cpu-wins
326,COLUMN_3_2#326,0,0.000,0.000,cpu-wins
327,COLUMN_0_3#327,298,2.000,15.000,cpu-wins
328,COLUMN_1_3#328,298,2.000,10.000,cpu-wins
329,COLUMN_2_3#329,298,2.000,9.000,cpu-wins
330,COLUMN_3_3#330,298,1.000,8.000,cpu-wins
331,COLUMN_0_4#331,0,0.000,0.000,cpu-wins
332,COLUMN_1_4#332,0,0.000,0.000,cpu-wins
333,COLUMN_2_4#333,0,1.000,0.000,gpu-wins
334,COLUMN_3_4#334,0,0.000,0.000,cpu-wins
335,COLUMN_0_5#335,298,2.000,7.000,cpu-wins
336,COLUMN_1_5#336,298,1.000,8.000,cpu-wins
337,COLUMN_2_5#337,298,2.000,9.000,cpu-wins
338,COLUMN_3_5#338,298,1.000,7.000,cpu-wins
339,COLUMN_0_6#339,0,0.000,0.000,cpu-wins
340,COLUMN_1_6#340,0,0.000,0.000,cpu-wins
341,COLUMN_2_6#341,0,0.000,0.000,cpu-wins
342,COLUMN_3_6#342,0,0.000,0.000,cpu-wins
343,COLUMN_0_7#343,298,2.000,7.000,cpu-wins
344,COLUMN_1_7#344,298,1.000,13.000,cpu-wins
345,COLUMN_2_7#345,298,2.000,8.000,cpu-wins
346,COLUMN_3_7#346,298,1.000,9.000,cpu-wins
347,COLUMN_0_8#347,144,1.000,11.000,cpu-wins
348,COLUMN_1_8#348,144,1.000,9.000,cpu-wins
349,COLUMN_2_8#349,144,2.000,9.000,cpu-wins
350,COLUMN_3_8#350,144,1.000,9.000,cpu-wins
351,COLUMN_0_9#351,144,1.000,5.000,cpu-wins
352,COLUMN_1_9#352,144,1.000,9.000,cpu-wins
353,COLUMN_2_9#353,144,2.000,9.000,cpu-wins
354,COLUMN_3_9#354,144,1.000,8.000,cpu-wins
355,ZK_COLUMN_0#355,10,0.000,18.000,cpu-wins
356,ZK_COLUMN_1#356,10,1.000,12.000,cpu-wins
357,ZK_COLUMN_2#357,10,1.000,12.000,cpu-wins
358,ZK_COLUMN_3#358,10,0.000,12.000,cpu-wins
359,MERGED_COLUMN_0#359,1332,1.000,13.000,cpu-wins
360,MERGED_COLUMN_1#360,1332,3.000,12.000,cpu-wins
361,MERGED_COLUMN_2#361,1332,3.000,11.000,cpu-wins
362,MERGED_COLUMN_3#362,1332,2.000,11.000,cpu-wins
363,DEGREE_CHECK_POLY#363,298,2.000,10.000,cpu-wins
364,SHPLONK_BATCHED_QUOTIENT#364,1332,7.000,12.000,cpu-wins
365,?#365,1332,7.000,12.000,cpu-wins
366,W_L#366,43314,40.000,38.000,gpu-wins
367,W_R#367,43314,36.000,29.000,gpu-wins
368,W_O#368,43314,38.000,32.000,gpu-wins
369,ECC_OP_WIRE_1#369,673,1.000,16.000,cpu-wins
370,ECC_OP_WIRE_2#370,673,2.000,12.000,cpu-wins
371,ECC_OP_WIRE_3#371,673,2.000,12.000,cpu-wins
372,ECC_OP_WIRE_4#372,673,2.000,12.000,cpu-wins
373,KERNEL_CALLDATA#373,1285,1.000,14.000,cpu-wins
374,KERNEL_CALLDATA_READ_COUNTS#374,1285,0.000,8.000,cpu-wins
375,FIRST_APP_CALLDATA#375,4,1.000,21.000,cpu-wins
376,FIRST_APP_CALLDATA_READ_COUNTS#376,4,0.000,16.000,cpu-wins
377,SECOND_APP_CALLDATA#377,4,0.000,18.000,cpu-wins
378,SECOND_APP_CALLDATA_READ_COUNTS#378,4,0.000,19.000,cpu-wins
379,THIRD_APP_CALLDATA#379,4,0.000,19.000,cpu-wins
380,THIRD_APP_CALLDATA_READ_COUNTS#380,4,0.000,19.000,cpu-wins
381,RETURN_DATA#381,4,0.000,21.000,cpu-wins
382,RETURN_DATA_READ_COUNTS#382,4,1.000,19.000,cpu-wins
383,LOOKUP_READ_COUNTS#383,673,1.000,6.000,cpu-wins
384,LOOKUP_READ_TAGS#384,673,0.000,10.000,cpu-wins
385,W_4#385,43314,34.000,36.000,cpu-wins
386,LOOKUP_INVERSES#386,673,0.000,7.000,cpu-wins
387,KERNEL_CALLDATA_INVERSES#387,1285,1.000,9.000,cpu-wins
388,FIRST_APP_CALLDATA_INVERSES#388,673,0.000,6.000,cpu-wins
389,SECOND_APP_CALLDATA_INVERSES#389,673,0.000,7.000,cpu-wins
390,THIRD_APP_CALLDATA_INVERSES#390,673,1.000,6.000,cpu-wins
391,RETURN_DATA_INVERSES#391,673,0.000,7.000,cpu-wins
392,Z_PERM#392,43314,53.000,42.000,gpu-wins
393,MERGED_TABLE_0#393,8192,1.000,17.000,cpu-wins
394,MERGED_TABLE_1#394,8192,3.000,16.000,cpu-wins
395,MERGED_TABLE_2#395,8192,4.000,14.000,cpu-wins
396,MERGED_TABLE_3#396,8192,4.000,13.000,cpu-wins
397,REVERSED_BATCHED_LEFT_TABLES#397,7520,6.000,18.000,cpu-wins
398,SHPLONK_BATCHED_QUOTIENT#398,8192,20.000,15.000,gpu-wins
399,?#399,8192,19.000,19.000,cpu-wins
400,TRANSLATOR_GEMINI_MASKING_POLY#400,131072,131.000,75.000,gpu-wins
401,CONCATENATED_RANGE_CONSTRAINTS_0#401,131071,7.000,34.000,cpu-wins
402,CONCATENATED_RANGE_CONSTRAINTS_1#402,131071,7.000,29.000,cpu-wins
403,CONCATENATED_RANGE_CONSTRAINTS_2#403,131071,9.000,30.000,cpu-wins
404,CONCATENATED_RANGE_CONSTRAINTS_3#404,131071,9.000,33.000,cpu-wins
405,CONCATENATED_NON_RANGE#405,131071,19.000,29.000,cpu-wins
406,ORDERED_RANGE_CONSTRAINTS_0#406,131071,7.000,33.000,cpu-wins
407,ORDERED_RANGE_CONSTRAINTS_1#407,131071,8.000,29.000,cpu-wins
408,ORDERED_RANGE_CONSTRAINTS_2#408,131071,10.000,35.000,cpu-wins
409,ORDERED_RANGE_CONSTRAINTS_3#409,131071,9.000,32.000,cpu-wins
410,ORDERED_RANGE_CONSTRAINTS_4#410,131071,5.000,25.000,cpu-wins
411,Z_PERM#411,131071,138.000,48.000,gpu-wins
412,LIBRA_CONCATENATION#412,258,3.000,13.000,cpu-wins
413,?#413,9,1.000,15.000,cpu-wins
414,?#414,9,1.000,13.000,cpu-wins
415,?#415,9,1.000,19.000,cpu-wins
416,?#416,9,1.000,16.000,cpu-wins
417,?#417,9,1.000,9.000,cpu-wins
418,?#418,9,1.000,18.000,cpu-wins
419,?#419,9,1.000,16.000,cpu-wins
420,?#420,9,1.000,14.000,cpu-wins
421,?#421,9,1.000,16.000,cpu-wins
422,?#422,9,1.000,20.000,cpu-wins
423,?#423,9,1.000,23.000,cpu-wins
424,?#424,9,1.000,24.000,cpu-wins
425,?#425,9,0.000,29.000,cpu-wins
426,?#426,9,0.000,25.000,cpu-wins
427,?#427,9,0.000,13.000,cpu-wins
428,?#428,9,0.000,13.000,cpu-wins
429,?#429,9,0.000,14.000,cpu-wins
430,Libra:GRAND_SUM#430,259,2.000,14.000,cpu-wins
431,Libra:GRAND_SUM_QUOTIENT#431,258,4.000,10.000,cpu-wins
432,Gemini:FOLD_1#432,65536,65.000,47.000,gpu-wins
433,Gemini:FOLD_2#433,32768,44.000,32.000,gpu-wins
434,Gemini:FOLD_3#434,16384,27.000,28.000,cpu-wins
435,Gemini:FOLD_4#435,8192,19.000,20.000,cpu-wins
436,Gemini:FOLD_5#436,4096,14.000,17.000,cpu-wins
437,Gemini:FOLD_6#437,2048,10.000,18.000,cpu-wins
438,Gemini:FOLD_7#438,1024,6.000,16.000,cpu-wins
439,Gemini:FOLD_8#439,512,10.000,14.000,cpu-wins
440,Gemini:FOLD_9#440,256,2.000,13.000,cpu-wins
441,Gemini:FOLD_10#441,128,2.000,14.000,cpu-wins
442,Gemini:FOLD_11#442,64,1.000,17.000,cpu-wins
443,Gemini:FOLD_12#443,32,1.000,17.000,cpu-wins
444,Gemini:FOLD_13#444,16,0.000,19.000,cpu-wins
445,Gemini:FOLD_14#445,8,1.000,18.000,cpu-wins
446,Gemini:FOLD_15#446,4,0.000,16.000,cpu-wins
447,Gemini:FOLD_16#447,2,1.000,19.000,cpu-wins
448,SHPLONK_BATCHED_QUOTIENT#448,131072,127.000,68.000,gpu-wins
449,?#449,131072,131.000,54.000,gpu-wins
450,?#450,16,0.000,0.000,gpu-missing
451,?#451,118,1.000,0.000,gpu-missing
452,VK_PRECOMPUTED_POLY#452,43315,20.000,21.000,cpu-wins
453,VK_PRECOMPUTED_POLY#453,43315,22.000,16.000,gpu-wins
454,VK_PRECOMPUTED_POLY#454,43315,32.000,17.000,gpu-wins
455,VK_PRECOMPUTED_POLY#455,43315,31.000,17.000,gpu-wins
456,VK_PRECOMPUTED_POLY#456,43315,39.000,19.000,gpu-wins
457,VK_PRECOMPUTED_POLY#457,43315,31.000,17.000,gpu-wins
458,VK_PRECOMPUTED_POLY#458,43315,22.000,15.000,gpu-wins
459,VK_PRECOMPUTED_POLY#459,0,0.000,0.000,cpu-wins
460,VK_PRECOMPUTED_POLY#460,0,1.000,0.000,gpu-wins
461,VK_PRECOMPUTED_POLY#461,17455,1.000,21.000,cpu-wins
462,VK_PRECOMPUTED_POLY#462,3007,1.000,14.000,cpu-wins
463,VK_PRECOMPUTED_POLY#463,0,0.000,0.000,cpu-wins
464,VK_PRECOMPUTED_POLY#464,0,0.000,0.000,cpu-wins
465,VK_PRECOMPUTED_POLY#465,0,0.000,0.000,cpu-wins
466,VK_PRECOMPUTED_POLY#466,8503,1.000,17.000,cpu-wins
467,VK_PRECOMPUTED_POLY#467,8503,1.000,9.000,cpu-wins
468,VK_PRECOMPUTED_POLY#468,12368,1.000,18.000,cpu-wins
469,VK_PRECOMPUTED_POLY#469,12368,1.000,10.000,cpu-wins
470,VK_PRECOMPUTED_POLY#470,12368,0.000,10.000,cpu-wins
471,VK_PRECOMPUTED_POLY#471,43314,16.000,36.000,cpu-wins
472,VK_PRECOMPUTED_POLY#472,43314,5.000,35.000,cpu-wins
473,VK_PRECOMPUTED_POLY#473,43314,7.000,29.000,cpu-wins
474,VK_PRECOMPUTED_POLY#474,43314,5.000,30.000,cpu-wins
475,VK_PRECOMPUTED_POLY#475,43314,6.000,29.000,cpu-wins
476,VK_PRECOMPUTED_POLY#476,43314,6.000,24.000,cpu-wins
477,VK_PRECOMPUTED_POLY#477,43314,5.000,33.000,cpu-wins
478,VK_PRECOMPUTED_POLY#478,43314,6.000,28.000,cpu-wins
479,VK_PRECOMPUTED_POLY#479,673,0.000,9.000,cpu-wins
480,VK_PRECOMPUTED_POLY#480,673,0.000,4.000,cpu-wins
481,VK_PRECOMPUTED_POLY#481,673,1.000,4.000,cpu-wins
482,VK_PRECOMPUTED_POLY#482,673,0.000,5.000,cpu-wins
483,VK_PRECOMPUTED_POLY#483,1,0.000,13.000,cpu-wins
484,VK_PRECOMPUTED_POLY#484,1,0.000,9.000,cpu-wins
485,VK_PRECOMPUTED_POLY#485,673,0.000,6.000,cpu-wins
486,VK_PRECOMPUTED_POLY#486,1285,0.000,13.000,cpu-wins
487,?#487,16,0.000,0.000,gpu-missing
488,?#488,118,1.000,0.000,gpu-missing
489,?#489,16,0.000,0.000,gpu-missing
490,?#490,118,1.000,0.000,gpu-missing
